College,Major Name,Maj 1,Deg ID,Total
Agri Sci & Natl Res,"AG LEADERSHIP, EDUC AND COMM",ALEC,B1AL,97
Agri Sci & Natl Res,AGRIBUSINESS,ABUS,B1AB,205
Agri Sci & Natl Res,AGRICULTURAL & ENV SCI COMM,AESC,B1SC,10
Agri Sci & Natl Res,AGRICULTURAL ECONOMICS,AECN,B1AE,61
Agri Sci & Natl Res,AGRICULTURAL EDUCATION,AEDU,B1ED,17
Agri Sci & Natl Res,AGRICULTURAL SYSTEMS TECH,AGST,B1AT,21
Agri Sci & Natl Res,AGRONOMY,AGRO,B1AG,87
Agri Sci & Natl Res,ANIMAL SCIENCE,ASCI,B1AS,292
Agri Sci & Natl Res,APPLIED CLIMATE SCIENCE,APCS,B1AC,2
Agri Sci & Natl Res,APPLIED SCIENCE,APSC,B1AP,25
Agri Sci & Natl Res,BIOCHEMISTRY,BIOC,B1BC,117
Agri Sci & Natl Res,DATA SCIENCE,DTSC,B1DS,4
Agri Sci & Natl Res,ENVIRONMENTAL SCIENCE,ENVS,B1EN,60
Agri Sci & Natl Res,ENVIRONMENTAL STUDIES,ENVR,B1ES,13
Agri Sci & Natl Res,ENVR & SUSTAINABILITY STUDIES,ENSU,B1SU,20
Agri Sci & Natl Res,FISHERIES AND WILDLIFE,FWL,B1FW,235
Agri Sci & Natl Res,FOOD SCIENCE AND TECHNOLOGY,FDST,B1FS,74
Agri Sci & Natl Res,FORENSIC SCIENCE,FORS,B1FO,240
Agri Sci & Natl Res,GENERAL - CASNR,EXPS,NA,3
Agri Sci & Natl Res,GRASSLAND SYSTEMS,GRSL,B1GS,11
Agri Sci & Natl Res,HORTICULTURE,HORT,B1HO,2
Agri Sci & Natl Res,INSECT SCIENCE,INSC,B1IS,21
Agri Sci & Natl Res,INTEGRATED SCIENCE,ITSC,B1IN,10
Agri Sci & Natl Res,MECHANIZED SYSTEMS MANAGEMENT,MSYM,B1MS,24
Agri Sci & Natl Res,MICROBIOLOGY,MBIO,B1MB,32
Agri Sci & Natl Res,NATURAL RES & ENVIRON ECONOMIC,NREE,B1NE,7
Agri Sci & Natl Res,PGA GOLF MANAGEMENT,PGAM,B1PM,192
Agri Sci & Natl Res,PLANT AND LANDSCAPE SYSTEMS,PLAS,B1PL,80
Agri Sci & Natl Res,PLANT BIOLOGY,PBIO,B1PB,19
Agri Sci & Natl Res,PRE-VETERINARY MEDICINE,PVET,NA,60
Agri Sci & Natl Res,REGIONAL & COMMUNITY FORESTRY,RECF,B1RC,12
Agri Sci & Natl Res,STATISTICS AND DATA ANALYTICS,SDAN,B1SD,25
Agri Sci & Natl Res,VETERINARY MEDICINE,VMED,NA,58
Agri Sci & Natl Res,VETERINARY SCIENCE,VBMS,B1VS,74
Agri Sci & Natl Res,VETERINARY TECHNOLOGY,VETH,B1VT,3
Agri Sci & Natl Res,WATER SCIENCE,WATR,B1WS,1
Architecture,ARCHITECTURAL STUDIES,ARCS,BSD,299
Architecture,ARCHITECTURE,ARCH,MARC,82
Architecture,INTERIOR DESIGN,IDES,BSD,152
Architecture,LANDSCAPE ARCHITECTURE,LAND,BLA,42
Arts & Sciences,ACTUARIAL SCIENCE,AACTS,BS,15
Arts & Sciences,ANTHROPOLOGY,ANTH,BA,58
Arts & Sciences,ANTHROPOLOGY,ANTH,BS,4
Arts & Sciences,BIOCHEMISTRY,ABIOC,BS,234
Arts & Sciences,BIOLOGICAL SCIENCES,BIOS,BA,1
Arts & Sciences,BIOLOGICAL SCIENCES,BIOS,BS,663
Arts & Sciences,CHEMISTRY,CHEM,BA,11
Arts & Sciences,CHEMISTRY,CHEM,BS,64
Arts & Sciences,CLASSICS AND RELIGIOUS STUDIES,CLRS,BA,11
Arts & Sciences,COMMUNICATION STUDIES,COMM,BA,81
Arts & Sciences,COMPUTER SCIENCE,COMP,BS,10
Arts & Sciences,DATA SCIENCE,DTSC,BA,4
Arts & Sciences,DATA SCIENCE,DTSC,BS,29
Arts & Sciences,ECONOMICS,AECON,BA,25
Arts & Sciences,ECONOMICS,AECON,BS,1
Arts & Sciences,ENGLISH,ENGL,BA,153
Arts & Sciences,ENVIRONMENTAL STUDIES,AENVR,BA,9
Arts & Sciences,ENVIRONMENTAL STUDIES,AENVR,BS,1
Arts & Sciences,ENVR & SUSTAINABILITY STUDIES,ENSU,BA,15
Arts & Sciences,ENVR & SUSTAINABILITY STUDIES,ENSU,BS,1
Arts & Sciences,ETHNIC STUDIES,ETHN,BA,7
Arts & Sciences,FILM STUDIES,FILM,BA,55
Arts & Sciences,FRENCH,FREN,BA,13
Arts & Sciences,FRENCH,FREN,BS,2
Arts & Sciences,GEOGRAPHY,GEOG,BA,11
Arts & Sciences,GEOGRAPHY,GEOG,BS,4
Arts & Sciences,GEOLOGY,GEOL,BA,1
Arts & Sciences,GEOLOGY,GEOL,BS,35
Arts & Sciences,GERMAN,GERM,BA,6
Arts & Sciences,GLOBAL STUDIES,GLST,BA,75
Arts & Sciences,HISTORY,HIST,BS,1
Arts & Sciences,HISTORY,HIST,BA,119
Arts & Sciences,INDIVIDUALIZED PROG OF STUDIES,IPST,BA,2
Arts & Sciences,MATHEMATICS,MATH,BA,7
Arts & Sciences,MATHEMATICS,MATH,BS,107
Arts & Sciences,METEOROLOGY-CLIMATOLOGY,METR,BS,32
Arts & Sciences,MICROBIOLOGY,MBIO,BS,60
Arts & Sciences,PHILOSOPHY,PHIL,BS,1
Arts & Sciences,PHILOSOPHY,PHIL,BA,28
Arts & Sciences,PHYSICS,PHYS,BA,2
Arts & Sciences,PHYSICS,PHYS,BS,52
Arts & Sciences,PLANT BIOLOGY,PBIO,BS,1
Arts & Sciences,POLITICAL SCIENCE,POLS,BA,214
Arts & Sciences,POLITICAL SCIENCE,POLS,BS,3
Arts & Sciences,PSYCHOLOGY,PSYC,BS,98
Arts & Sciences,PSYCHOLOGY,PSYC,BA,855
Arts & Sciences,RUSSIAN,RUSS,BA,1
Arts & Sciences,SOCIOLOGY,SOCI,BA,73
Arts & Sciences,SPANISH,SPAN,BA,21
Arts & Sciences,SPANISH,SPAN,BS,2
Arts & Sciences,WOMEN'S & GENDER STUDIES,WGST,BA,15
Business,ACCOUNTING,ACCG,BSBA,502
Business,ACCOUNTING (RAIKES),JEAC,BSBA,1
Business,ACTUARIAL SCIENCE,ACTS,BSBA,159
Business,ACTUARIAL SCIENCE (RAIKES),JEAS,BSBA,12
Business,AGRIBUSINESS,BABUS,BSBA,37
Business,BUSINESS ADMIN (RAIKES),JEBA,BSBA,6
Business,BUSINESS ADMINISTRATION,BSAD,BSBA,889
Business,BUSINESS AND LAW,BSLW,BSBA,141
Business,ECONOMICS,ECON,BSBA,92
Business,ECONOMICS (RAIKES),JEEC,BSBA,1
Business,FINANCE,FINA,BSBA,729
Business,FINANCE (RAIKES),JEFN,BSBA,5
Business,INTERNATIONAL BUSINESS,IBUS,BSBA,91
Business,MANAGEMENT,MNGT,BSBA,437
Business,MANAGEMENT (RAIKES),JEMN,BSBA,6
Business,MARKETING,MRKT,BSBA,632
Business,MARKETING (RAIKES),JEMK,BSBA,1
Business,SUPPLY CHAIN MANAGEMENT,SCMS,BSBA,83
Business,SUPPLY CHAIN MGMT (RAIKES),JESC,BSBA,1
Education & Human Sci,ATHLETIC TRAINING,ATHT,BSEH,8
Education & Human Sci,"CHLD,YTH&FAM STUDIES",CYAF,BSEH,341
Education & Human Sci,COMM SCIENCES & DISORDERS,SPLP,BSEH,144
Education & Human Sci,ELEM EDUC & EARLY CHILD EDUC,ECED,BSEH,51
Education & Human Sci,ELEM EDUC & SPECIAL EDUC K-6,SPM7,BSEH,91
Education & Human Sci,ELEMENTARY EDUCATION,ELED,BSEH,408
Education & Human Sci,"HOSPIT, REST & TOUR MNGT (EHS)",HRTM,BAHR,94
Education & Human Sci,MATHEMATICS,EMATH,BSEH,1
Education & Human Sci,NUTRITION & HEALTH SCIENCES,NUTR,BSEH,805
Education & Human Sci,PRE-PHYSICAL THERAPY,EPPT,NA,27
Education & Human Sci,SECONDARY EDUCATION,SEDU,BSEH,307
Education & Human Sci,SECONDARY ENGLISH GRADES 7-12,SENG,BSEH,1
Education & Human Sci,SOCIAL SCIENCE,SSCI,BSEH,3
Education & Human Sci,SPECIAL EDUCATION 7-12,SPM8,BSEH,18
Education & Human Sci,SPECIAL EDUCATION K-6,SPK6,BSEH,6
Education & Human Sci,"TEXT ,MERCH & FASHION DESIGN",TMFD,BSEH,66
Education & Human Sci,UNDECLARED - UNDERGRADUATE,UNED,NA,2
Engineering,AGRICULTURAL ENGINEERING,AENG,BSAE,42
Engineering,ARCHITECTURAL ENGINEERING,AEBARE,BARE,164
Engineering,BIOLOGICAL SYSTEMS ENGINEERING,BSE,BSBS,150
Engineering,CHEMICAL ENGINEERING,CHME,BSCH,155
Engineering,CIVIL ENGINEERING,CIVE,BSCE,260
Engineering,CIVIL ENGINEERING,CIVEBCE,BCE,119
Engineering,COMPUTER ENGINEERING,CENG,BSCP,124
Engineering,COMPUTER ENGINEERING,CENGBTE,BTE,70
Engineering,COMPUTER ENGINEERING (RAIKES),JECE,BSCP,4
Engineering,COMPUTER SCIENCE,CMPS,BSCS,517
Engineering,COMPUTER SCIENCE (RAIKES),JECM,BSCS,80
Engineering,CONSTRUCTION ENGINEERING,CONE,BSCN,41
Engineering,CONSTRUCTION ENGINEERING,CONEBSCN,BSCN,19
Engineering,CONSTRUCTION MANAGEMENT,CNST,BSCM,287
Engineering,CONSTRUCTION MANAGEMENT,CNSTBSCM,BSCM,136
Engineering,DATA SCIENCE,DTSC,BSDS,23
Engineering,ELECTRICAL ENGINEERING,ELEC,BSEE,229
Engineering,ELECTRICAL ENGINEERING,ELECBSEE,BSEE,108
Engineering,ENGINEERING GENERAL,UNDENUND,NDEG,23
Engineering,ENVIRONMENTAL ENGINEERING,ENVE,BSEV,41
Engineering,ENVIRONMENTAL ENGINEERING,ENVEBSEV,BSEV,15
Engineering,MECHANICAL ENGINEERING,MECH,BSME,789
Engineering,PRE-AGRICULTURAL ENGINEERING,PAGEENUND,NDEG,1
Engineering,PRE-BIOLOGCL SYSTMS ENGINEERNG,PBSEENUND,NDEG,1
Engineering,PRE-ENGINEERING,PENGENUND,NDEG,38
Engineering,PRE-MECHANICAL ENGINEERING,MENGENUND,NDEG,36
Engineering,SOFTWARE ENGINEERING,SOFT,BSSE,214
Engineering,SOFTWARE ENGINEERING (RAIKES),JESE,BSSE,9
Engineering,UNDECLARED - UNDERGRADUATE,UNDE,NA,27
Fine & Performing Arts,ACTING,ACTG,BFA,38
Fine & Performing Arts,ART,ART,BA,20
Fine & Performing Arts,ART,ART,BFA,114
Fine & Performing Arts,ART HISTORY AND CRITICISM,AHCR,BA,11
Fine & Performing Arts,DANCE,DANC,BA,27
Fine & Performing Arts,EMERGING MEDIA ARTS,EMAR,BFA,139
Fine & Performing Arts,GRAPHIC DESIGN,GDES,BA,52
Fine & Performing Arts,GRAPHIC DESIGN,GDES,BFA,141
Fine & Performing Arts,MUSIC,MUSC,BA,45
Fine & Performing Arts,MUSIC,MUSC,BM,53
Fine & Performing Arts,MUSIC EDUCATION,MUED,BMED,140
Fine & Performing Arts,THEATRE,THEA,BA,25
Fine & Performing Arts,THEATRE,THEA,BFA,33
Journalism & Mass Comm,ADVERTISING & PUBLIC RELATIONS,ADPR,BJ,423
Journalism & Mass Comm,BROADCASTING,BRDC,BJ,122
Journalism & Mass Comm,JOURNALISM,JOUR,BJ,111
Journalism & Mass Comm,SPORTS MEDIA AND COMMUNICATION,SPMC,BJ,391
Law,LAW,LAW,JD,443
Law,SPACE LAW,SLAW,JSD,1
Law,"SPACE, CYBER & TELECOM LAW",SCTL,LLM,5
Law,"SPACE, CYBER, AND NATIONAL SEC",SCNS,LLM,7
Explore Center Undergraduate,PRE-ENGINEERING,PENG,NA,53
Explore Center Undergraduate,PRE-HEALTH,PHLT,NA,762
Explore Center Undergraduate,PRE-LAW,PLAW,NA,39
Explore Center Undergraduate,UNDECLARED - UNDERGRADUATE,UNDL,NA,577
Grad Studies,COMPLEX BIOSYSTEMS,CBIO,PHD,32
Grad Studies,EXCHANGE STUDENT,EXCG,NA,1
Grad Studies,GRADUATE VISITING CONSORTIUM,GVST,NA,96
Grad Studies,INTERCAMPUS - KEARNEY GRADUATE,KG,NA,13
Grad Studies,INTERCAMPUS - OMAHA GRADUATE,OG,NA,2
Grad Studies,INTERCAMPUS - UNMC GRADUATE,MCG,NA,5
Grad Studies,LEGAL STUDIES,LGLS,MLS,2
Grad Studies,NUTRITION,NTRN,PHD,12
Grad Studies,POST-BACCALAUREATE,PBAC,NA,226
Grad Studies - Agri Sci & Natl Res,ADVANCED HORTICULTURE,AHRT,CER,1
Grad Studies - Agri Sci & Natl Res,AGRIC & BIOLOGICAL SYSTEMS ENG,ABSE,MS,14
Grad Studies - Agri Sci & Natl Res,AGRICULTURAL ECONOMICS,AECN,MS,8
Grad Studies - Agri Sci & Natl Res,AGRICULTURAL ECONOMICS,AECN,PHD,22
Grad Studies - Agri Sci & Natl Res,AGRONOMY,AGRO,CER,1
Grad Studies - Agri Sci & Natl Res,AGRONOMY,AGRO,MS,77
Grad Studies - Agri Sci & Natl Res,AGRONOMY AND HORTICULTURE,AGRO,PHD,37
Grad Studies - Agri Sci & Natl Res,ANIMAL SCIENCE,ASCI,MS,38
Grad Studies - Agri Sci & Natl Res,ANIMAL SCIENCE,ASCI,PHD,32
Grad Studies - Agri Sci & Natl Res,APPLIED SCIENCE,APSC,MAS,52
Grad Studies - Agri Sci & Natl Res,BIOCHEMISTRY,BIOC,PHD,34
Grad Studies - Agri Sci & Natl Res,BIOLOGICAL ENGINEERING,BENG,PHD,31
Grad Studies - Agri Sci & Natl Res,ENTOMOLOGY,ENTO,CER,6
Grad Studies - Agri Sci & Natl Res,ENTOMOLOGY,ENTO,MS,56
Grad Studies - Agri Sci & Natl Res,ENTOMOLOGY,ENTO,PHD,11
Grad Studies - Agri Sci & Natl Res,FOOD SAFETY AND DEFENSE,FDSD,CER,2
Grad Studies - Agri Sci & Natl Res,FOOD SCIENCE AND TECHNOLOGY,FDST,MS,22
Grad Studies - Agri Sci & Natl Res,FOOD SCIENCE AND TECHNOLOGY,FDST,PHD,36
Grad Studies - Agri Sci & Natl Res,HORTICULTURE,HORT,MS,2
Grad Studies - Agri Sci & Natl Res,INTEGRATIVE BIOMEDICAL SCIENCE,IBMS,PHD,8
Grad Studies - Agri Sci & Natl Res,LEADERSHIP EDUCATION,LEED,MS,28
Grad Studies - Agri Sci & Natl Res,MECHANIZED SYSTEMS MANAGEMENT,MSYM,MS,8
Grad Studies - Agri Sci & Natl Res,NATURAL RESOURCE SCIENCES,NRSC,MS,38
Grad Studies - Agri Sci & Natl Res,NATURAL RESOURCE SCIENCES,NRSC,PHD,48
Grad Studies - Agri Sci & Natl Res,PERSONAL LEADERSHIP,PRLE,CER,2
Grad Studies - Agri Sci & Natl Res,PLANT HEALTH,DPHP,DPLH,6
Grad Studies - Agri Sci & Natl Res,PLANT PATHOLOGY,PLNT,MS,6
Grad Studies - Agri Sci & Natl Res,PLANT PATHOLOGY,PLNT,PHD,14
Grad Studies - Agri Sci & Natl Res,RURAL ECON & COMM VITALITY,RECV,CER,1
Grad Studies - Agri Sci & Natl Res,STATISTICS,STAT,MS,5
Grad Studies - Agri Sci & Natl Res,STATISTICS,STAT,PHD,35
Grad Studies - Agri Sci & Natl Res,VETERINARY SCIENCE,VETS,MS,4
Grad Studies - Architecture,COMMUNITY & REGIONAL PLANNING,CRPL,MCRP,29
Grad Studies - Arts & Sciences,ANTHROPOLOGY,ANTH,MA,35
Grad Studies - Arts & Sciences,BIOLOGICAL SCIENCES,BIOS,MS,6
Grad Studies - Arts & Sciences,BIOLOGICAL SCIENCES,BIOS,PHD,47
Grad Studies - Arts & Sciences,CHEMISTRY,CHEM,MS,2
Grad Studies - Arts & Sciences,CHEMISTRY,CHEM,PHD,102
Grad Studies - Arts & Sciences,COMMUNICATION STUDIES,COMM,MA,5
Grad Studies - Arts & Sciences,COMMUNICATION STUDIES,COMM,PHD,19
Grad Studies - Arts & Sciences,DIGITAL HUMANITIES,DIGH,CER,1
Grad Studies - Arts & Sciences,EARTH & ATMOSPHERIC SCIENCES,GEOS,MS,17
Grad Studies - Arts & Sciences,EARTH & ATMOSPHERIC SCIENCES,GEOS,PHD,16
Grad Studies - Arts & Sciences,ENGLISH,ENGL,MA,23
Grad Studies - Arts & Sciences,ENGLISH,ENGL,PHD,47
Grad Studies - Arts & Sciences,FORENSIC ANTHROPOLOGY,FORA,CER,1
Grad Studies - Arts & Sciences,GEOGRAPHIC INFORMATION SCIENCE,GISC,CER,1
Grad Studies - Arts & Sciences,GEOGRAPHY,GEOG,MA,1
Grad Studies - Arts & Sciences,GEOGRAPHY,GEOG,PHD,15
Grad Studies - Arts & Sciences,GLOBAL INTEGRATIVE STUDIES,GIST,PHD,2
Grad Studies - Arts & Sciences,HISTORY,HIST,MA,9
Grad Studies - Arts & Sciences,HISTORY,HIST,PHD,19
Grad Studies - Arts & Sciences,MATHEMATICS,MATH,MS,1
Grad Studies - Arts & Sciences,MATHEMATICS,MATH,PHD,74
Grad Studies - Arts & Sciences,MATHEMATICS,MATH,MAT,22
Grad Studies - Arts & Sciences,MODERN LANGUAGES & LITERATURES,MODL,MA,13
Grad Studies - Arts & Sciences,MODERN LANGUAGES & LITERATURES,MODL,PHD,9
Grad Studies - Arts & Sciences,PHILOSOPHY,PHIL,MA,5
Grad Studies - Arts & Sciences,PHILOSOPHY,PHIL,PHD,23
Grad Studies - Arts & Sciences,PHYSICS AND ASTRONOMY,PHYA,MS,1
Grad Studies - Arts & Sciences,PHYSICS AND ASTRONOMY,PHYA,PHD,69
Grad Studies - Arts & Sciences,POLITICAL SCIENCE,POLS,MA,3
Grad Studies - Arts & Sciences,POLITICAL SCIENCE,POLS,PHD,31
Grad Studies - Arts & Sciences,PSYCHOLOGY,PSYC,PHD,88
Grad Studies - Arts & Sciences,SOCIOLOGY,SOCI,MA,7
Grad Studies - Arts & Sciences,SOCIOLOGY,SOCI,PHD,16
Grad Studies - Arts & Sciences,TEACHING OF WRITING,TWRT,CER,1
Grad Studies - Business,ACCOUNTANCY,ACCT,MPAC,82
Grad Studies - Business,ACTUARIAL SCIENCE,ACTS,MS,8
Grad Studies - Business,BUSINESS,BUSN,PHD,22
Grad Studies - Business,BUSINESS,BUSN,MBA,334
Grad Studies - Business,BUSINESS ANALYTICS,BSAN,CER,26
Grad Studies - Business,BUSINESS ANALYTICS,BSAN,MS,35
Grad Studies - Business,ECONOMICS,ECON,PHD,13
Grad Studies - Business,FINANCE,FINA,MS,16
Grad Studies - Business,HUMAN RESOURCE MANAGEMENT,HRES,CER,3
Grad Studies - Business,MARKETING ANALYTICS,MRKA,CER,1
Grad Studies - Business,SALES EXCELLENCE,SALE,CER,4
Grad Studies - Business,STRATEGIC INNOVATION & ENTREPN,SIEN,CER,9
Grad Studies - Business,STRATEGIC MARKETING,STMK,CER,3
Grad Studies - Business,SUPPLY CHAIN MANAGEMENT,SCMS,CER,4
Grad Studies - Business,SUPPLY CHAIN MANAGEMENT,SCMS,MS,13
Grad Studies - Education & Human Sci,ADMINISTRATIVE CERTIFICATION,TCER,END,11
Grad Studies - Education & Human Sci,ATHLETIC TRAINING,ATHT,MS,4
Grad Studies - Education & Human Sci,AUDIOLOGY AND HEARING SCIENCE,AUHS,AUD,27
Grad Studies - Education & Human Sci,"CHILD, YOUTH & FAMILY STUDIES",CYAF,MS,75
Grad Studies - Education & Human Sci,COMMUNITY COLLEGE LEADERSHIP,CCLD,CER,1
Grad Studies - Education & Human Sci,EARLY CHILDHOOD &FAMILY POLICY,ECFP,CER,1
Grad Studies - Education & Human Sci,EARLY CHILDHOOD SPECIAL EDUC,ECSE,CER,2
Grad Studies - Education & Human Sci,EDUCATIONAL ADMINISTRATION,EDAD,EDD,53
Grad Studies - Education & Human Sci,EDUCATIONAL ADMINISTRATION,EDAD,MA,85
Grad Studies - Education & Human Sci,EDUCATIONAL ADMINISTRATION,EDAD,MED,9
Grad Studies - Education & Human Sci,EDUCATIONAL PSYCHOLOGY,EDPS,EDS,21
Grad Studies - Education & Human Sci,EDUCATIONAL PSYCHOLOGY,EDPS,MA,26
Grad Studies - Education & Human Sci,EDUCATIONAL PSYCHOLOGY,EDPS,PHD,56
Grad Studies - Education & Human Sci,EDUCATIONAL STUDIES,EDUS,EDD,25
Grad Studies - Education & Human Sci,EDUCATIONAL STUDIES,EDUS,PHD,106
Grad Studies - Education & Human Sci,FAMILY FINANCIAL PLANNING,FFPL,CER,2
Grad Studies - Education & Human Sci,FINANCIAL COUNSELING,FHOC,CER,1
Grad Studies - Education & Human Sci,HUMAN SCIENCES,HUMS,PHD,71
Grad Studies - Education & Human Sci,K-3 MATHEMATICS SPECIALIST,K3MS,CER,18
Grad Studies - Education & Human Sci,MATHEMATICS EDUCATION,MAED,CER,1
Grad Studies - Education & Human Sci,NUTRITION AND HEALTH SCIENCES,NUHS,MS,26
Grad Studies - Education & Human Sci,PSYCHOLOGICAL STUDIES IN EDUC,PSYE,PHD,15
Grad Studies - Education & Human Sci,QUILT STUDIES,QLTS,CER,5
Grad Studies - Education & Human Sci,SPECIAL EDUCATION,SPED,MA,3
Grad Studies - Education & Human Sci,SPECIAL EDUCATION,SPED,MED,44
Grad Studies - Education & Human Sci,SPEECH-LANGUAGE PATH & AUDIO,SLPA,MS,64
Grad Studies - Education & Human Sci,TEACHER CERT (INITIAL),TCER,END,34
Grad Studies - Education & Human Sci,TEACHER CERT(ADD ENDORSMNT),TCER,END,34
Grad Studies - Education & Human Sci,TEACHING ENGLISH - OTHER SPEAK,TESO,CER,1
Grad Studies - Education & Human Sci,TEACHING LEARNING & TEACHER ED,TEAC,EDS,9
Grad Studies - Education & Human Sci,TEACHING LEARNING & TEACHER ED,TEAC,MED,2
Grad Studies - Education & Human Sci,TEACHING LEARNING & TEACHER ED,TEAC,MA,40
Grad Studies - Education & Human Sci,TEXTILES MERCH & FASHION DESGN,TMFD,MA,12
Grad Studies - Education & Human Sci,TEXTILES MERCH & FASHION DESGN,TMFD,MS,3
Grad Studies - Education & Human Sci,YOUTH DEVELOPMENT,YTHD,CER,1
Grad Studies - Engineering,ARCHITECTURAL ENGINEERING,AREN,MARE,27
Grad Studies - Engineering,ARCHITECTURAL ENGINEERING,AREN,MS,3
Grad Studies - Engineering,ARCHITECTURAL ENGINEERING,AREN,PHD,18
Grad Studies - Engineering,BIOMEDICAL ENGINEERING,BIOE,PHD,12
Grad Studies - Engineering,CHEMICAL & BIOMOLECULAR ENGR,CHBE,PHD,29
Grad Studies - Engineering,CHEMICAL ENGINEERING,CHME,MS,2
Grad Studies - Engineering,CIVIL ENGINEERING,CIVE,MS,36
Grad Studies - Engineering,CIVIL ENGINEERING,CIVE,PHD,66
Grad Studies - Engineering,COMPUTER SCIENCE,COMP,MS,42
Grad Studies - Engineering,COMPUTER SCIENCE,COMP,PHD,65
Grad Studies - Engineering,CONSTRUCTION ENGINEERING & MNG,CEMT,CER,1
Grad Studies - Engineering,CONSTRUCTION ENGINEERING & MNG,CEMT,MS,10
Grad Studies - Engineering,ELECTRICAL ENGINEERING,ELEC,MS,7
Grad Studies - Engineering,ELECTRICAL ENGINEERING,ELEC,PHD,36
Grad Studies - Engineering,ENGINEERING,ENGR,PHD,88
Grad Studies - Engineering,ENGINEERING MANAGEMENT,EMGT,CER,9
Grad Studies - Engineering,ENGINEERING MANAGEMENT,EMGT,MEGM,91
Grad Studies - Engineering,ENVIRONMENTAL ENGINEERING,ENVE,MS,5
Grad Studies - Engineering,MECHANICAL ENGR & APPLIED MECH,MEAM,MS,26
Grad Studies - Engineering,MECHANICAL ENGR & APPLIED MECH,MEAM,PHD,51
Grad Studies - Engineering,TELECOMMUNICATIONS ENGINEERING,TELE,MS,7
Grad Studies - Fine & Performing Arts,ART,ART,MFA,20
Grad Studies - Fine & Performing Arts,ART HISTORY,ARTH,MA,2
Grad Studies - Fine & Performing Arts,MUSIC,MUSC,DMA,56
Grad Studies - Fine & Performing Arts,MUSIC,MUSC,MM,29
Grad Studies - Fine & Performing Arts,MUSIC,MUSC,PHD,6
Grad Studies - Fine & Performing Arts,THEATRE ARTS,THEA,MFA,11
Grad Studies - Journalism & Mass Comm,JOURNALISM & MASS COMM,JAMC,MA,39
Grad Studies - Journalism & Mass Comm,PUBLIC RELATIONS &SOCIAL MEDIA,PRSM,CER,7
UNO - Public Affairs & Comm Service,CRIMINOLOGY & CRIMINAL JUSTICE,CRCJ,BCCJ,396
Intercampus,INTERCAMPUS - UNO UNDERGRAD,OUG,NA,4
Visitors,NEBRASKA NOW,HVST,NA,67
Visitors,UNDERGRAD VISITING CONSORTIUM,UVST,NA,28
Visitors,VISITING,VSTG,NA,28
